Player,Tm,2023-24 Salary,2024-25 Salary,2025-26 Salary,2026-27 Salary,2027-28 Salary,2028-29 Salary,Guaranteed
Stephen Curry,GSW,"$51,915,615","$55,761,216","$59,606,817",Free Agent,Free Agent,Free Agent,"$167,283,648"
Kevin Durant,PHO,"$47,649,433","$51,179,021","$54,708,609",Free Agent,Free Agent,Free Agent,"$153,537,063"
Nikola Jokić,DEN,"$47,607,350","$51,415,938","$55,224,526","$59,033,114","$62,841,702",Free Agent,"$213,280,928"
Joel Embiid,PHI,"$47,607,350","$51,415,938","$55,224,526","$59,033,114",Free Agent,Free Agent,"$154,247,814"
LeBron James,LAL,"$47,607,350","$51,415,938",Free Agent,Free Agent,Free Agent,Free Agent,"$47,607,350"
Bradley Beal,PHO,"$46,741,590","$50,203,930","$53,666,270","$57,128,610",Free Agent,Free Agent,"$150,611,790"
Damian Lillard,MIL,"$45,640,084","$48,787,676","$58,545,211","$63,228,828",Free Agent,Free Agent,"$152,972,971"
Giannis Antetokounmpo,MIL,"$45,640,084","$48,787,676",Free Agent,Free Agent,Free Agent,Free Agent,"$94,427,760"
Kawhi Leonard,LAC,"$45,640,084","$48,787,676",Free Agent,Free Agent,Free Agent,Free Agent,"$45,640,084"
Paul George,LAC,"$45,640,084","$48,787,676",Free Agent,Free Agent,Free Agent,Free Agent,"$45,640,084"
Jimmy Butler,MIA,"$45,183,960","$48,798,677","$52,413,394",Free Agent,Free Agent,Free Agent,"$93,982,637"
Klay Thompson,GSW,"$43,219,440",Free Agent,Free Agent,Free Agent,Free Agent,Free Agent,"$43,219,440"
Rudy Gobert,MIN,"$41,000,000","$43,827,586","$46,655,172",Free Agent,Free Agent,Free Agent,"$84,827,586"
Fred VanVleet,HOU,"$40,806,300","$42,846,615","$44,886,930",Free Agent,Free Agent,Free Agent,"$128,539,845"
Anthony Davis,LAL,"$40,600,080","$43,219,440","$60,507,216","$65,347,793","$70,188,370",Free Agent,"$279,862,899"
Trae Young,ATL,"$40,064,220","$43,031,940","$45,999,660","$48,967,380",Free Agent,Free Agent,"$178,063,200"
Luka Dončić,DAL,"$40,064,220","$43,031,940","$45,999,660","$48,967,380",Free Agent,Free Agent,"$129,095,820"
Zach LaVine,CHI,"$40,064,220","$43,031,940","$45,999,660","$48,967,380",Free Agent,Free Agent,"$129,095,820"
Tobias Harris,PHI,"$39,270,150",Free Agent,Free Agent,Free Agent,Free Agent,Free Agent,"$39,270,150"
Ben Simmons,BRK,"$37,893,408","$40,338,144",Free Agent,Free Agent,Free Agent,Free Agent,"$78,231,552"
Pascal Siakam,TOR,"$37,893,408",Free Agent,Free Agent,Free Agent,Free Agent,Free Agent,"$37,893,408"
Kyrie Irving,DAL,"$37,037,037","$40,000,000","$42,962,963",Free Agent,Free Agent,Free Agent,"$77,037,037"
Jrue Holiday,BOS,"$36,861,707","$39,403,894",Free Agent,Free Agent,Free Agent,Free Agent,"$36,861,707"
Devin Booker,PHO,"$36,016,200","$49,700,000","$53,676,000","$57,652,000","$61,628,000",Free Agent,"$258,672,200"
Karl-Anthony Towns,MIN,"$36,016,200","$49,245,000","$53,184,600","$57,124,200","$61,063,800",Free Agent,"$195,570,000"
Kristaps Porziņģis,BOS,"$36,016,200","$29,268,293","$30,731,707",Free Agent,Free Agent,Free Agent,"$96,016,200"
CJ McCollum,NOP,"$35,802,469","$33,333,333","$30,666,666",Free Agent,Free Agent,Free Agent,"$99,802,468"
James Harden,LAC,"$35,640,000",Free Agent,Free Agent,Free Agent,Free Agent,Free Agent,"$35,640,000"
Zion Williamson,NOP,"$34,005,250","$36,725,670","$39,446,090","$42,166,510","$44,886,930",Free Agent,"$197,230,450"
Ja Morant,MEM,"$34,005,250","$36,725,670","$39,446,090","$42,166,510","$44,886,930",Free Agent,"$197,230,450"
Darius Garland,CLE,"$34,005,250","$36,725,670","$39,446,090","$42,166,510","$44,886,930",Free Agent,"$197,230,450"
Brandon Ingram,NOP,"$33,833,400","$36,016,200",Free Agent,Free Agent,Free Agent,Free Agent,"$69,849,600"
Jamal Murray,DEN,"$33,833,400","$36,016,200",Free Agent,Free Agent,Free Agent,Free Agent,"$69,849,600"
Shai Gilgeous-Alexander,OKC,"$33,386,850","$35,859,950","$38,333,050","$40,806,150",Free Agent,Free Agent,"$148,386,000"
Michael Porter Jr.,DEN,"$33,386,850","$35,859,950","$38,333,050","$40,806,150",Free Agent,Free Agent,"$119,579,850"
Donovan Mitchell,CLE,"$33,162,030","$35,410,310","$37,096,620",Free Agent,Free Agent,Free Agent,"$68,572,340"
De'Aaron Fox,SAC,"$32,600,060","$34,848,340","$37,096,620",Free Agent,Free Agent,Free Agent,"$104,545,020"
Bam Adebayo,MIA,"$32,600,060","$34,848,340","$37,096,620",Free Agent,Free Agent,Free Agent,"$104,545,020"
Jayson Tatum,BOS,"$32,600,060","$34,848,340","$37,096,620",Free Agent,Free Agent,Free Agent,"$67,448,400"
Deandre Ayton,POR,"$32,459,438","$34,005,126","$35,550,814",Free Agent,Free Agent,Free Agent,"$102,015,378"
Jaylen Brown,BOS,"$31,830,357","$49,700,000","$53,676,000","$57,652,000","$61,628,000","$65,604,000","$320,090,357"
Gordon Hayward,CHO,"$31,500,000",Free Agent,Free Agent,Free Agent,Free Agent,Free Agent,"$31,500,000"
Chris Paul,GSW,"$30,800,000","$30,000,000",Free Agent,Free Agent,Free Agent,Free Agent,"$15,800,000"
Domantas Sabonis,SAC,"$30,600,000","$41,800,000","$44,936,000","$48,072,000","$51,208,000",Free Agent,"$216,616,000"
Kyle Lowry,MIA,"$29,682,540",Free Agent,Free Agent,Free Agent,Free Agent,Free Agent,"$29,682,540"
Khris Middleton,MIL,"$29,320,988","$31,666,667","$34,012,345",Free Agent,Free Agent,Free Agent,"$60,987,655"
DeMar DeRozan,CHI,"$28,600,000",Free Agent,Free Agent,Free Agent,Free Agent,Free Agent,"$28,600,000"
Julius Randle,NYK,"$28,226,880","$30,317,760","$32,408,640",Free Agent,Free Agent,Free Agent,"$58,544,640"
Jerami Grant,POR,"$27,586,207","$29,793,104","$32,000,001","$34,206,898","$36,413,790",Free Agent,"$123,586,210"
Jordan Poole,WAS,"$27,455,357","$29,651,786","$31,848,215","$34,044,642",Free Agent,Free Agent,"$123,000,000"
Jaren Jackson Jr.,MEM,"$27,102,202","$25,257,798","$23,413,395",Free Agent,Free Agent,Free Agent,"$75,773,395"
Tyler Herro,MIA,"$27,000,000","$29,000,000","$31,000,000","$33,000,000",Free Agent,Free Agent,"$120,000,000"
Jalen Brunson,NYK,"$26,346,666","$24,960,001","$24,960,001",Free Agent,Free Agent,Free Agent,"$51,306,667"
Cameron Johnson,BRK,"$25,679,348","$23,625,000","$21,570,652","$23,625,000",Free Agent,Free Agent,"$94,500,000"
Kyle Kuzma,WAS,"$25,568,182","$23,522,727","$21,477,272","$19,431,819",Free Agent,Free Agent,"$90,000,000"
John Collins,UTA,"$25,340,000","$26,580,000","$26,580,000",Free Agent,Free Agent,Free Agent,"$78,500,000"
Brook Lopez,MIL,"$25,000,000","$23,000,000",Free Agent,Free Agent,Free Agent,Free Agent,"$48,000,000"
Mike Conley,MIN,"$24,360,000",Free Agent,Free Agent,Free Agent,Free Agent,Free Agent,"$14,320,000"
Andrew Wiggins,GSW,"$24,330,357","$26,276,786","$28,223,215","$30,169,644",Free Agent,Free Agent,"$78,830,358"
Anfernee Simons,POR,"$24,107,143","$25,892,857","$27,678,571",Free Agent,Free Agent,Free Agent,"$77,678,571"
RJ Barrett,NYK,"$23,883,929","$25,794,643","$27,705,357","$29,616,071",Free Agent,Free Agent,"$107,000,000"
Jordan Clarkson,UTA,"$23,487,629","$14,092,577","$14,285,714",Free Agent,Free Agent,Free Agent,"$51,865,920"
Terry Rozier,CHO,"$23,205,221","$24,924,126","$26,643,031",Free Agent,Free Agent,Free Agent,"$74,772,378"
Dillon Brooks,HOU,"$22,627,671","$22,255,493","$21,124,110","$19,992,727",Free Agent,Free Agent,"$86,000,001"
Malcolm Brogdon,POR,"$22,500,000","$22,500,000",Free Agent,Free Agent,Free Agent,Free Agent,"$45,000,000"
Draymond Green,GSW,"$22,321,429","$24,107,143","$25,892,857","$27,678,571",Free Agent,Free Agent,"$100,000,000"
Aaron Gordon,DEN,"$22,266,182","$23,841,455","$23,841,455",Free Agent,Free Agent,Free Agent,"$46,107,637"
Bruce Brown,IND,"$22,000,000","$23,000,000",Free Agent,Free Agent,Free Agent,Free Agent,"$22,000,000"
Mikal Bridges,BRK,"$21,700,000","$23,300,000","$24,900,000",Free Agent,Free Agent,Free Agent,"$69,900,000"
Myles Turner,IND,"$20,975,000","$19,928,500",Free Agent,Free Agent,Free Agent,Free Agent,"$40,903,500"
Clint Capela,ATL,"$20,616,000","$22,265,280",Free Agent,Free Agent,Free Agent,Free Agent,"$42,881,280"
Lonzo Ball,CHI,"$20,465,117","$21,395,348",Free Agent,Free Agent,Free Agent,Free Agent,"$20,465,117"
Spencer Dinwiddie,BRK,"$20,357,143",Free Agent,Free Agent,Free Agent,Free Agent,Free Agent,"$20,357,143"
De'Andre Hunter,ATL,"$20,089,286","$21,696,429","$23,303,571","$24,910,714",Free Agent,Free Agent,"$90,000,000"
Keldon Johnson,SAS,"$20,000,000","$19,000,000","$17,500,000","$17,500,000",Free Agent,Free Agent,"$74,000,000"
Jarrett Allen,CLE,"$20,000,000","$20,000,000","$20,000,000",Free Agent,Free Agent,Free Agent,"$60,000,000"
Bojan Bogdanović,DET,"$20,000,000","$19,032,850",Free Agent,Free Agent,Free Agent,Free Agent,"$20,000,000"
Joe Harris,DET,"$19,928,571",Free Agent,Free Agent,Free Agent,Free Agent,Free Agent,"$19,928,571"
Jakob Poeltl,TOR,"$19,500,000","$19,500,000","$19,500,000","$19,500,000",Free Agent,Free Agent,"$58,500,000"
Buddy Hield,IND,"$19,279,841",Free Agent,Free Agent,Free Agent,Free Agent,Free Agent,"$19,279,841"
Evan Fournier,NYK,"$18,857,143","$19,000,000",Free Agent,Free Agent,Free Agent,Free Agent,"$37,857,143"
Marcus Smart,MEM,"$18,833,713","$20,210,284","$21,586,855",Free Agent,Free Agent,Free Agent,"$60,630,852"
Bogdan Bogdanović,ATL,"$18,700,000","$17,260,000","$16,020,000","$16,020,000",Free Agent,Free Agent,"$51,980,000"
OG Anunoby,TOR,"$18,642,857","$19,928,571",Free Agent,Free Agent,Free Agent,Free Agent,"$18,642,857"
Gary Trent Jr.,TOR,"$18,560,000",Free Agent,Free Agent,Free Agent,Free Agent,Free Agent,"$18,560,000"
Nikola Vučević,CHI,"$18,518,519","$20,000,000","$21,481,481",Free Agent,Free Agent,Free Agent,"$60,000,000"
Derrick White,BOS,"$18,357,143","$19,571,429",Free Agent,Free Agent,Free Agent,Free Agent,"$37,928,572"
Dejounte Murray,ATL,"$18,214,000","$25,499,599","$27,539,568","$29,579,537","$31,619,506",Free Agent,"$100,832,704"
Duncan Robinson,MIA,"$18,154,000","$19,406,000","$19,888,000",Free Agent,Free Agent,Free Agent,"$47,448,000"
Norman Powell,LAC,"$18,000,000","$19,241,379","$20,482,758",Free Agent,Free Agent,Free Agent,"$57,724,137"
Tim Hardaway Jr.,DAL,"$17,897,728","$16,193,183",Free Agent,Free Agent,Free Agent,Free Agent,"$34,090,911"
Jonathan Isaac,ORL,"$17,400,000","$17,400,000",Free Agent,Free Agent,Free Agent,Free Agent,"$7,400,000"
Collin Sexton,UTA,"$17,325,000","$18,150,000","$18,975,000",Free Agent,Free Agent,Free Agent,"$54,450,000"
D'Angelo Russell,LAL,"$17,307,693","$18,692,307",Free Agent,Free Agent,Free Agent,Free Agent,"$36,000,000"
Lauri Markkanen,UTA,"$17,259,999","$18,044,544",Free Agent,Free Agent,Free Agent,Free Agent,"$23,259,999"
Marcus Morris,PHI,"$17,116,279",Free Agent,Free Agent,Free Agent,Free Agent,Free Agent,"$17,116,279"
Harrison Barnes,SAC,"$17,000,000","$18,000,000","$19,000,000",Free Agent,Free Agent,Free Agent,"$54,000,000"
Dāvis Bertāns,OKC,"$17,000,000","$16,000,000",Free Agent,Free Agent,Free Agent,Free Agent,"$28,000,000"
Markelle Fultz,ORL,"$17,000,000",Free Agent,Free Agent,Free Agent,Free Agent,Free Agent,"$2,000,000"
Jusuf Nurkić,PHO,"$16,875,000","$18,125,000","$19,375,000",Free Agent,Free Agent,Free Agent,"$54,375,000"
P.J. Washington,CHO,"$16,847,826","$15,500,000","$14,152,174",Free Agent,Free Agent,Free Agent,"$46,500,000"
Kevin Porter Jr.,OKC,"$15,860,000","$1,000,000",Free Agent,Free Agent,Free Agent,Free Agent,"$16,860,000"
Rui Hachimura,LAL,"$15,740,741","$17,000,000","$18,259,259",Free Agent,Free Agent,Free Agent,"$51,000,000"
Mitchell Robinson,NYK,"$15,681,818","$14,318,182","$12,954,546",Free Agent,Free Agent,Free Agent,"$42,954,546"
Kevin Huerter,SAC,"$15,669,643","$16,830,357","$17,991,071",Free Agent,Free Agent,Free Agent,"$50,491,071"
Jonas Valančiūnas,NOP,"$15,435,000",Free Agent,Free Agent,Free Agent,Free Agent,Free Agent,"$15,435,000"
Caris LeVert,CLE,"$15,384,616","$16,615,384",Free Agent,Free Agent,Free Agent,Free Agent,"$32,000,000"
Luguentz Dort,OKC,"$15,277,778","$16,500,000","$17,722,222","$17,722,222",Free Agent,Free Agent,"$49,500,000"
Luke Kennard,MEM,"$14,763,636","$14,763,636",Free Agent,Free Agent,Free Agent,Free Agent,"$14,763,636"
Kentavious Caldwell-Pope,DEN,"$14,704,938","$15,440,185",Free Agent,Free Agent,Free Agent,Free Agent,"$14,704,938"
Max Strus,CLE,"$14,487,684","$15,212,068","$15,936,452","$16,660,836",Free Agent,Free Agent,"$62,297,040"
Tyus Jones,WAS,"$14,000,000",Free Agent,Free Agent,Free Agent,Free Agent,Free Agent,"$14,000,000"
Dorian Finney-Smith,BRK,"$13,932,008","$14,924,167","$15,378,480",Free Agent,Free Agent,Free Agent,"$28,856,175"
Doug McDermott,SAS,"$13,750,000",Free Agent,Free Agent,Free Agent,Free Agent,Free Agent,"$13,750,000"
Anthony Edwards,MIN,"$13,534,817","$35,500,000","$38,340,000","$41,180,000","$44,020,000","$46,860,000","$219,434,817"
Wendell Carter Jr.,ORL,"$13,050,000","$11,950,000","$10,850,000",Free Agent,Free Agent,Free Agent,"$35,850,000"
Gary Harris,ORL,"$13,000,000",Free Agent,Free Agent,Free Agent,Free Agent,Free Agent,Free Agent
Josh Hart,NYK,"$12,960,000","$18,144,000","$19,472,240","$20,923,760","$22,375,280",Free Agent,"$93,875,280"
Naz Reid,MIN,"$12,950,400","$13,986,432","$15,022,464",Free Agent,Free Agent,Free Agent,"$26,936,832"
Steven Adams,MEM,"$12,600,000","$12,600,000",Free Agent,Free Agent,Free Agent,Free Agent,"$25,200,000"
Brandon Clarke,MEM,"$12,500,000","$12,500,000","$12,500,000","$12,500,000",Free Agent,Free Agent,"$50,000,000"
Marvin Bagley III,DET,"$12,500,000","$12,500,000",Free Agent,Free Agent,Free Agent,Free Agent,"$25,000,000"
Grant Williams,DAL,"$12,405,000","$13,025,250","$13,645,500","$14,265,750",Free Agent,Free Agent,"$53,341,500"
Dennis Schröder,TOR,"$12,405,000","$13,025,250",Free Agent,Free Agent,Free Agent,Free Agent,"$25,430,250"
Daniel Gafford,WAS,"$12,402,000","$13,394,160","$14,386,320",Free Agent,Free Agent,Free Agent,"$40,182,480"
Kelly Olynyk,UTA,"$12,195,122",Free Agent,Free Agent,Free Agent,Free Agent,Free Agent,"$3,000,000"
Victor Wembanyama,SAS,"$12,160,680","$12,768,960","$13,376,880","$16,868,246",Free Agent,Free Agent,"$24,929,640"
James Wiseman,DET,"$12,119,440",Free Agent,Free Agent,Free Agent,Free Agent,Free Agent,Free Agent
Devonte' Graham,SAS,"$12,100,000","$12,650,000",Free Agent,Free Agent,Free Agent,Free Agent,"$14,950,000"
Richaun Holmes,DAL,"$12,046,020","$12,876,780",Free Agent,Free Agent,Free Agent,Free Agent,"$12,046,020"
Herbert Jones,NOP,"$12,015,150","$12,976,362","$13,937,574","$14,898,786",Free Agent,Free Agent,"$53,827,872"
Austin Reaves,LAL,"$12,015,150","$12,976,362","$13,937,574","$14,898,786",Free Agent,Free Agent,"$38,929,086"
Chris Boucher,TOR,"$11,750,000","$10,810,000",Free Agent,Free Agent,Free Agent,Free Agent,"$22,560,000"
Bobby Portis,MIL,"$11,710,818","$12,578,286","$13,445,754",Free Agent,Free Agent,Free Agent,"$24,289,104"
Nicolas Batum,PHI,"$11,710,818",Free Agent,Free Agent,Free Agent,Free Agent,Free Agent,"$11,710,818"
Robert Covington,PHI,"$11,692,308",Free Agent,Free Agent,Free Agent,Free Agent,Free Agent,"$11,692,308"
Paolo Banchero,ORL,"$11,608,080","$12,160,800","$15,334,769",Free Agent,Free Agent,Free Agent,"$23,768,880"
Robert Williams,POR,"$11,571,429","$12,428,571","$13,285,713",Free Agent,Free Agent,Free Agent,"$37,285,713"
Coby White,CHI,"$11,111,111","$12,000,000","$12,888,889",Free Agent,Free Agent,Free Agent,"$36,000,000"
Cade Cunningham,DET,"$11,055,360","$13,940,809",Free Agent,Free Agent,Free Agent,Free Agent,"$24,996,169"
Talen Horton-Tucker,UTA,"$11,020,000",Free Agent,Free Agent,Free Agent,Free Agent,Free Agent,"$11,020,000"
P.J. Tucker,LAC,"$11,014,500","$11,539,000",Free Agent,Free Agent,Free Agent,Free Agent,"$11,014,500"
Reggie Bullock,SAS,"$13,033,786",Free Agent,Free Agent,Free Agent,Free Agent,Free Agent,"$11,014,080"
Maxi Kleber,DAL,"$11,000,000","$11,000,000","$11,000,000",Free Agent,Free Agent,Free Agent,"$33,000,000"
Joe Ingles,ORL,"$11,000,000","$11,000,000",Free Agent,Free Agent,Free Agent,Free Agent,"$11,000,000"
Ivica Zubac,LAC,"$10,933,333","$11,743,210",Free Agent,Free Agent,Free Agent,Free Agent,"$22,676,543"
LaMelo Ball,CHO,"$10,900,635","$35,500,000","$38,340,000","$41,180,000","$44,020,000","$46,860,000","$216,800,635"
Donte DiVincenzo,NYK,"$10,900,000","$11,445,000","$11,990,000","$12,535,000",Free Agent,Free Agent,"$46,870,000"
Brandon Miller,CHO,"$10,880,400","$11,424,600","$11,968,800","$15,104,626",Free Agent,Free Agent,"$22,305,000"
Terance Mann,LAC,"$10,576,923","$11,423,077",Free Agent,Free Agent,Free Agent,Free Agent,"$22,000,000"
Gabe Vincent,LAL,"$10,500,000","$11,000,000","$11,500,000",Free Agent,Free Agent,Free Agent,"$33,000,000"
Matisse Thybulle,POR,"$10,500,000","$11,025,000","$11,550,000",Free Agent,Free Agent,Free Agent,"$21,525,000"
Alec Burks,DET,"$10,489,600",Free Agent,Free Agent,Free Agent,Free Agent,Free Agent,"$10,489,600"
Chet Holmgren,OKC,"$10,386,000","$10,880,640","$13,731,368",Free Agent,Free Agent,Free Agent,"$21,266,640"
Larry Nance Jr.,NOP,"$10,375,000","$11,205,000",Free Agent,Free Agent,Free Agent,Free Agent,"$21,580,000"
Landry Shamet,WAS,"$10,250,000","$11,000,000","$11,750,000",Free Agent,Free Agent,Free Agent,"$33,000,000"
Al Horford,BOS,"$10,000,000","$9,500,000",Free Agent,Free Agent,Free Agent,Free Agent,"$19,500,000"
Malik Monk,SAC,"$9,945,830",Free Agent,Free Agent,Free Agent,Free Agent,Free Agent,"$9,945,830"
Tre Jones,SAS,"$9,895,833","$9,104,167",Free Agent,Free Agent,Free Agent,Free Agent,"$19,000,000"
Jalen Green,HOU,"$9,891,480","$12,483,048",Free Agent,Free Agent,Free Agent,Free Agent,"$22,374,528"
Patrick Williams,CHI,"$9,835,881",Free Agent,Free Agent,Free Agent,Free Agent,Free Agent,"$9,835,881"
Monte Morris,DET,"$9,800,926",Free Agent,Free Agent,Free Agent,Free Agent,Free Agent,"$9,800,926"
Scoot Henderson,POR,"$9,770,880","$10,259,160","$10,748,040","$13,585,523",Free Agent,Free Agent,"$20,030,040"
Nic Claxton,BRK,"$9,625,000",Free Agent,Free Agent,Free Agent,Free Agent,Free Agent,"$9,625,000"
Jeff Green,HOU,"$9,600,000","$9,600,000",Free Agent,Free Agent,Free Agent,Free Agent,"$19,200,000"
Royce O'Neale,BRK,"$9,500,000",Free Agent,Free Agent,Free Agent,Free Agent,Free Agent,"$2,500,000"
Alex Caruso,CHI,"$9,460,000","$9,890,000",Free Agent,Free Agent,Free Agent,Free Agent,"$19,350,000"
Victor Oladipo,HOU,"$9,450,000",Free Agent,Free Agent,Free Agent,Free Agent,Free Agent,"$9,450,000"
Pat Connaughton,MIL,"$9,423,869","$9,423,869","$9,423,869",Free Agent,Free Agent,Free Agent,"$28,271,607"
Jabari Smith Jr.,HOU,"$9,326,520","$9,770,880","$12,350,392",Free Agent,Free Agent,Free Agent,"$19,097,400"
Isaiah Hartenstein,NYK,"$9,245,121",Free Agent,Free Agent,Free Agent,Free Agent,Free Agent,"$9,245,121"
Kyle Anderson,MIN,"$9,219,512",Free Agent,Free Agent,Free Agent,Free Agent,Free Agent,"$9,219,512"
Grayson Allen,PHO,"$8,925,000",Free Agent,Free Agent,Free Agent,Free Agent,Free Agent,"$8,925,000"
Isaac Okoro,CLE,"$8,920,795",Free Agent,Free Agent,Free Agent,Free Agent,Free Agent,"$8,920,795"
Evan Mobley,CLE,"$8,882,640","$11,227,657",Free Agent,Free Agent,Free Agent,Free Agent,"$20,110,297"
Amen Thompson,HOU,"$8,809,320","$9,249,960","$9,690,600","$12,258,609",Free Agent,Free Agent,"$18,059,280"
Georges Niang,CLE,"$8,800,000","$8,500,000","$8,200,000",Free Agent,Free Agent,Free Agent,"$25,500,000"
Gary Payton II,GSW,"$8,715,000","$9,130,000",Free Agent,Free Agent,Free Agent,Free Agent,"$8,715,000"
T.J. McConnell,IND,"$8,700,000","$9,300,000",Free Agent,Free Agent,Free Agent,Free Agent,"$13,700,000"
Keegan Murray,SAC,"$8,409,000","$8,809,560","$11,144,093",Free Agent,Free Agent,Free Agent,"$17,218,560"
Delon Wright,WAS,"$8,195,122",Free Agent,Free Agent,Free Agent,Free Agent,Free Agent,"$8,195,122"
Onyeka Okongwu,ATL,"$8,109,063",Free Agent,Free Agent,Free Agent,Free Agent,Free Agent,"$8,109,063"
Scottie Barnes,TOR,"$8,008,680","$10,130,980",Free Agent,Free Agent,Free Agent,Free Agent,"$18,139,660"
Jock Landale,HOU,"$8,000,000","$8,000,000","$8,000,000","$8,000,000",Free Agent,Free Agent,"$24,000,000"
Trey Lyles,SAC,"$8,000,000","$8,000,000",Free Agent,Free Agent,Free Agent,Free Agent,"$16,000,000"
De'Anthony Melton,PHI,"$8,000,000",Free Agent,Free Agent,Free Agent,Free Agent,Free Agent,"$8,000,000"
Moritz Wagner,ORL,"$8,000,000","$8,000,000",Free Agent,Free Agent,Free Agent,Free Agent,"$8,000,000"
Thaddeus Young,TOR,"$8,000,000",Free Agent,Free Agent,Free Agent,Free Agent,Free Agent,"$1,000,000"
Ausar Thompson,DET,"$7,977,480","$8,376,000","$8,775,000","$11,117,925",Free Agent,Free Agent,"$16,353,480"
Miles Bridges,CHO,"$7,921,300",Free Agent,Free Agent,Free Agent,Free Agent,Free Agent,"$7,921,300"
Vasilije Micić,OKC,"$7,723,000","$7,723,000","$8,109,150",Free Agent,Free Agent,Free Agent,"$23,555,150"
Paul Reed,PHI,"$7,723,000","$7,723,000","$8,109,150",Free Agent,Free Agent,Free Agent,"$7,723,000"
Zach Collins,SAS,"$7,700,000",Free Agent,Free Agent,Free Agent,Free Agent,Free Agent,"$7,700,000"
Jaden Ivey,DET,"$7,614,480","$7,977,240","$10,107,163",Free Agent,Free Agent,Free Agent,"$15,591,720"
Cody Martin,CHO,"$7,560,000","$8,120,000","$8,680,000",Free Agent,Free Agent,Free Agent,"$15,680,000"
Kevon Looney,GSW,"$7,500,000","$8,000,000",Free Agent,Free Agent,Free Agent,Free Agent,"$15,500,000"
Killian Hayes,DET,"$7,413,955",Free Agent,Free Agent,Free Agent,Free Agent,Free Agent,"$7,413,955"
Jalen Suggs,ORL,"$7,252,080","$9,188,385",Free Agent,Free Agent,Free Agent,Free Agent,"$16,440,465"
Anthony Black,ORL,"$7,245,480","$7,607,760","$7,970,280","$10,106,316",Free Agent,Free Agent,"$14,853,240"
Khem Birch,SAS,"$6,985,000",Free Agent,Free Agent,Free Agent,Free Agent,Free Agent,"$6,985,000"
Daniel Theis,IND,"$6,928,876",Free Agent,Free Agent,Free Agent,Free Agent,Free Agent,"$6,928,876"
Bennedict Mathurin,IND,"$6,916,080","$7,245,720","$9,187,573",Free Agent,Free Agent,Free Agent,"$14,161,800"
Obi Toppin,IND,"$6,803,012",Free Agent,Free Agent,Free Agent,Free Agent,Free Agent,"$6,803,012"
Caleb Martin,MIA,"$6,802,950","$7,126,900",Free Agent,Free Agent,Free Agent,Free Agent,"$13,929,850"
Danilo Gallinari,WAS,"$6,802,950",Free Agent,Free Agent,Free Agent,Free Agent,Free Agent,"$6,802,950"
John Wall,HOU,"$6,802,950",Free Agent,Free Agent,Free Agent,Free Agent,Free Agent,"$6,802,950"
Patty Mills,ATL,"$6,802,950",Free Agent,Free Agent,Free Agent,Free Agent,Free Agent,"$6,802,950"
Cedi Osman,SAS,"$6,718,842",Free Agent,Free Agent,Free Agent,Free Agent,Free Agent,"$6,718,842"
Bilal Coulibaly,WAS,"$6,614,280","$6,945,240","$7,275,600","$9,240,012",Free Agent,Free Agent,"$13,559,520"
Josh Giddey,OKC,"$6,587,040","$8,352,367",Free Agent,Free Agent,Free Agent,Free Agent,"$14,939,407"
Cameron Payne,SAS,"$8,519,706",Free Agent,Free Agent,Free Agent,Free Agent,Free Agent,"$6,500,000"
Jae'Sean Tate,HOU,"$6,500,000","$7,065,217",Free Agent,Free Agent,Free Agent,Free Agent,"$6,500,000"
Ayo Dosunmu,CHI,"$6,481,482","$7,000,000","$7,518,518",Free Agent,Free Agent,Free Agent,"$21,000,000"
Rudy Gay,OKC,Free Agent,Free Agent,Free Agent,Free Agent,Free Agent,Free Agent,"$6,479,000"
Sasha Vezenkov,SAC,"$6,341,464","$6,658,536","$6,975,609",Free Agent,Free Agent,Free Agent,"$13,000,000"
Shaedon Sharpe,POR,"$6,313,800","$6,614,160","$8,399,983",Free Agent,Free Agent,Free Agent,"$12,927,960"
Otto Porter Jr.,TOR,"$6,300,000",Free Agent,Free Agent,Free Agent,Free Agent,Free Agent,"$6,300,000"
Deni Avdija,WAS,"$6,263,188",Free Agent,Free Agent,Free Agent,Free Agent,Free Agent,"$6,263,188"
Nassir Little,PHO,"$6,250,000","$6,750,000","$7,250,000","$7,750,000",Free Agent,Free Agent,"$28,000,000"
Jevon Carter,CHI,"$6,190,476","$6,500,000","$6,809,524",Free Agent,Free Agent,Free Agent,"$12,690,476"
Kenrich Williams,OKC,"$6,175,000","$6,669,000","$7,163,000","$7,163,000",Free Agent,Free Agent,"$20,007,000"
Ricky Rubio,CLE,"$6,146,342","$6,439,025",Free Agent,Free Agent,Free Agent,Free Agent,"$10,396,342"
Jarace Walker,IND,"$6,059,520","$6,362,520","$6,665,520","$8,478,542",Free Agent,Free Agent,"$12,422,040"
Jonathan Kuminga,GSW,"$6,012,840","$7,636,307",Free Agent,Free Agent,Free Agent,Free Agent,"$13,649,147"
Devin Vassell,SAS,"$5,887,899","$29,347,826","$27,000,000","$27,000,000","$24,652,174","$27,000,000","$140,887,899"
Tyrese Haliburton,IND,"$5,808,435","$35,500,000","$38,340,000","$41,180,000","$44,020,000","$46,860,000","$211,708,435"
Dyson Daniels,NOP,"$5,784,120","$6,059,520","$7,707,709",Free Agent,Free Agent,Free Agent,"$11,843,640"
Kira Lewis Jr.,NOP,"$5,722,116",Free Agent,Free Agent,Free Agent,Free Agent,Free Agent,"$5,722,116"
Dean Wade,CLE,"$5,709,877","$6,166,667","$6,623,456",Free Agent,Free Agent,Free Agent,"$11,876,544"
Aaron Nesmith,IND,"$5,634,257",Free Agent,Free Agent,Free Agent,Free Agent,Free Agent,"$5,634,257"
Taylor Hendricks,UTA,"$5,569,920","$5,848,680","$6,127,080","$7,805,900",Free Agent,Free Agent,"$11,418,600"
Cole Anthony,ORL,"$5,539,771",Free Agent,Free Agent,Free Agent,Free Agent,Free Agent,"$5,539,771"
Franz Wagner,ORL,"$5,508,720","$7,007,092",Free Agent,Free Agent,Free Agent,Free Agent,"$12,515,812"
Furkan Korkmaz,PHI,"$5,370,370",Free Agent,Free Agent,Free Agent,Free Agent,Free Agent,"$5,370,370"
Jeremy Sochan,SAS,"$5,316,960","$5,570,040","$7,096,231",Free Agent,Free Agent,Free Agent,"$10,887,000"
Cason Wallace,OKC,"$5,291,400","$5,555,880","$5,820,240","$7,420,806",Free Agent,Free Agent,"$10,847,280"
Isaiah Stewart,DET,"$5,266,713","$15,000,000","$15,000,000","$15,000,000","$15,000,000",Free Agent,"$50,266,713"
Chuma Okeke,ORL,"$5,266,713",Free Agent,Free Agent,Free Agent,Free Agent,Free Agent,"$5,266,713"
Davion Mitchell,SAC,"$5,063,640","$6,451,077",Free Agent,Free Agent,Free Agent,Free Agent,"$11,514,717"
Johnny Davis,WAS,"$5,050,800","$5,291,160","$6,746,229",Free Agent,Free Agent,Free Agent,"$10,341,960"
Jalen Smith,IND,"$5,043,773","$5,417,386",Free Agent,Free Agent,Free Agent,Free Agent,"$5,043,773"
Jett Howard,ORL,"$5,026,800","$5,278,320","$5,529,720","$7,337,939",Free Agent,Free Agent,"$10,305,120"
Aleksej Pokusevski,OKC,"$5,009,633",Free Agent,Free Agent,Free Agent,Free Agent,Free Agent,"$5,009,633"
Nick Richards,CHO,"$5,000,000","$5,000,000","$5,000,000",Free Agent,Free Agent,Free Agent,"$10,000,000"
Shake Milton,MIN,"$5,000,000","$5,000,000",Free Agent,Free Agent,Free Agent,Free Agent,"$5,000,000"
Mason Plumlee,LAC,"$5,000,000",Free Agent,Free Agent,Free Agent,Free Agent,Free Agent,"$5,000,000"
Reggie Jackson,DEN,"$5,000,000","$5,250,000",Free Agent,Free Agent,Free Agent,Free Agent,"$5,000,000"
Bismack Biyombo,MEM,"$5,000,000",Free Agent,Free Agent,Free Agent,Free Agent,Free Agent,"$1,000,000"
Ziaire Williams,MEM,"$4,810,200","$6,133,005",Free Agent,Free Agent,Free Agent,Free Agent,"$10,943,205"
Ousmane Dieng,OKC,"$4,798,440","$5,027,040","$6,670,882",Free Agent,Free Agent,Free Agent,"$9,825,480"
Dereck Lively II,DAL,"$4,775,640","$5,014,560","$5,253,360","$7,239,131",Free Agent,Free Agent,"$9,790,200"
Josh Green,DAL,"$4,765,339",Free Agent,Free Agent,Free Agent,Free Agent,Free Agent,"$4,765,339"
Jarred Vanderbilt,LAL,"$4,698,000","$10,714,286","$11,571,429","$12,428,571","$13,285,714",Free Agent,"$39,412,286"
Nickeil Alexander-Walker,MIN,"$4,687,500","$4,312,500",Free Agent,Free Agent,Free Agent,Free Agent,"$9,000,000"
James Bouknight,CHO,"$4,570,080","$6,064,496",Free Agent,Free Agent,Free Agent,Free Agent,"$4,570,080"
Jalen Williams,OKC,"$4,558,680","$4,775,760","$6,580,997",Free Agent,Free Agent,Free Agent,"$9,334,440"
Saddiq Bey,ATL,"$4,556,983",Free Agent,Free Agent,Free Agent,Free Agent,Free Agent,"$4,556,983"
Gradey Dick,TOR,"$4,536,720","$4,763,760","$4,990,560","$7,131,511",Free Agent,Free Agent,"$9,300,480"
Jalen McDaniels,TOR,"$4,516,000","$4,741,800",Free Agent,Free Agent,Free Agent,Free Agent,"$9,257,800"
Taurean Prince,LAL,"$4,516,000",Free Agent,Free Agent,Free Agent,Free Agent,Free Agent,"$4,516,000"
Precious Achiuwa,TOR,"$4,379,527",Free Agent,Free Agent,Free Agent,Free Agent,Free Agent,"$4,379,527"
Tyrese Maxey,PHI,"$4,343,920",Free Agent,Free Agent,Free Agent,Free Agent,Free Agent,"$4,343,920"
Joshua Primo,SAS,"$4,341,600",Free Agent,Free Agent,Free Agent,Free Agent,Free Agent,"$4,341,600"
Jalen Duren,DET,"$4,330,680","$4,536,840","$6,483,144",Free Agent,Free Agent,Free Agent,"$8,867,520"
Danuel House Jr.,PHI,"$4,310,250",Free Agent,Free Agent,Free Agent,Free Agent,Free Agent,"$4,310,250"
Jordan Hawkins,NOP,"$4,310,160","$4,525,680","$4,741,320","$7,021,895",Free Agent,Free Agent,"$8,835,840"
Zeke Nnaji,DEN,"$4,306,281",Free Agent,Free Agent,Free Agent,Free Agent,Free Agent,"$4,306,281"
Immanuel Quickley,NYK,"$4,171,548",Free Agent,Free Agent,Free Agent,Free Agent,Free Agent,"$4,171,548"
Chris Duarte,SAC,"$4,124,400","$5,893,768",Free Agent,Free Agent,Free Agent,Free Agent,"$10,018,168"
Ochai Agbaji,UTA,"$4,114,200","$4,310,280","$6,383,525",Free Agent,Free Agent,Free Agent,"$8,424,480"
Kobe Bufkin,ATL,"$4,094,280","$4,299,000","$4,503,720","$6,904,203",Free Agent,Free Agent,"$8,393,280"
Payton Pritchard,BOS,"$4,037,277","$6,696,429","$7,232,143","$7,767,857","$8,303,571",Free Agent,"$34,037,277"
Seth Curry,DAL,"$4,000,000","$4,000,000",Free Agent,Free Agent,Free Agent,Free Agent,"$8,000,000"
Dwight Powell,DAL,"$4,000,000","$4,000,000","$4,000,000",Free Agent,Free Agent,Free Agent,"$8,000,000"
Troy Brown Jr.,MIN,"$4,000,000","$4,000,000",Free Agent,Free Agent,Free Agent,Free Agent,"$4,000,000"
Moses Moody,GSW,"$3,918,480","$5,803,269",Free Agent,Free Agent,Free Agent,Free Agent,"$9,721,749"
Mark Williams,CHO,"$3,908,160","$4,094,280","$6,276,531",Free Agent,Free Agent,Free Agent,"$8,002,440"
Jaden McDaniels,MIN,"$3,901,399",Free Agent,Free Agent,Free Agent,Free Agent,Free Agent,"$3,901,399"
Keyonte George,UTA,"$3,889,800","$4,084,200","$4,278,960","$6,563,925",Free Agent,Free Agent,"$7,974,000"
Malachi Flynn,TOR,"$3,873,025",Free Agent,Free Agent,Free Agent,Free Agent,Free Agent,"$3,873,025"
Desmond Bane,MEM,"$3,845,083","$34,005,250","$36,725,670","$39,446,090","$42,166,510","$44,886,930","$201,075,533"
Russell Westbrook,LAC,"$3,835,738","$4,027,525",Free Agent,Free Agent,Free Agent,Free Agent,"$7,863,263"
Kevin Love,MIA,"$3,835,738","$4,027,525",Free Agent,Free Agent,Free Agent,Free Agent,"$3,835,738"
Corey Kispert,WAS,"$3,722,040","$5,705,887",Free Agent,Free Agent,Free Agent,Free Agent,"$9,427,927"
AJ Griffin,ATL,"$3,712,920","$3,889,920","$5,967,137",Free Agent,Free Agent,Free Agent,"$7,602,840"
Jalen Hood-Schifino,LAL,"$3,695,040","$3,879,840","$4,064,640","$6,243,288",Free Agent,Free Agent,"$7,574,880"
Amir Coffey,LAC,"$3,666,667","$3,938,271",Free Agent,Free Agent,Free Agent,Free Agent,"$7,604,938"
Alperen Şengün,HOU,"$3,536,280","$5,424,654",Free Agent,Free Agent,Free Agent,Free Agent,"$8,960,934"
Tari Eason,HOU,"$3,527,160","$3,695,160","$5,675,766",Free Agent,Free Agent,Free Agent,"$7,222,320"
Jaime Jaquez Jr.,MIA,"$3,510,600","$3,685,800","$3,861,600","$5,939,141",Free Agent,Free Agent,"$7,196,400"
Mike Muscala,WAS,"$3,500,000",Free Agent,Free Agent,Free Agent,Free Agent,Free Agent,"$3,500,000"
Andre Drummond,CHI,"$3,360,000",Free Agent,Free Agent,Free Agent,Free Agent,Free Agent,"$3,360,000"
Derrick Jones Jr.,CHI,"$5,379,706",Free Agent,Free Agent,Free Agent,Free Agent,Free Agent,Free Agent
Trey Murphy III,NOP,"$3,359,280","$5,159,854",Free Agent,Free Agent,Free Agent,Free Agent,"$8,519,134"
Brandin Podziemski,GSW,"$3,352,440","$3,519,960","$3,687,960","$5,679,459",Free Agent,Free Agent,"$6,872,400"
Dalen Terry,CHI,"$3,350,760","$3,510,480","$5,399,118",Free Agent,Free Agent,Free Agent,"$6,861,240"
Cam Whitmore,HOU,"$3,218,160","$3,379,080","$3,539,760","$5,458,310",Free Agent,Free Agent,"$6,597,240"
Jake LaRavia,MEM,"$3,199,920","$3,352,680","$5,163,127",Free Agent,Free Agent,Free Agent,"$6,552,600"
Derrick Rose,MEM,"$3,196,448","$3,356,271",Free Agent,Free Agent,Free Agent,Free Agent,"$6,552,719"
Eric Gordon,PHO,"$3,196,448","$3,356,271",Free Agent,Free Agent,Free Agent,Free Agent,"$3,196,448"
Tre Mann,OKC,"$3,191,400","$4,908,373",Free Agent,Free Agent,Free Agent,Free Agent,"$8,099,773"
Noah Clowney,BRK,"$3,089,520","$3,244,080","$3,398,640","$5,414,034",Free Agent,Free Agent,"$6,333,600"
Malaki Branham,SAS,"$3,071,880","$3,217,920","$4,962,033",Free Agent,Free Agent,Free Agent,"$6,289,800"
Kai Jones,CHO,"$3,047,880",Free Agent,Free Agent,Free Agent,Free Agent,Free Agent,"$3,047,880"
Simone Fontecchio,UTA,"$3,044,872",Free Agent,Free Agent,Free Agent,Free Agent,Free Agent,"$3,044,872"
Julian Champagnie,SAS,"$3,000,000","$3,000,000","$3,000,000","$3,000,000",Free Agent,Free Agent,"$3,000,000"
Jordan Nwora,IND,"$3,000,000",Free Agent,Free Agent,Free Agent,Free Agent,Free Agent,"$3,000,000"
Dante Exum,DAL,"$3,000,000","$3,150,000",Free Agent,Free Agent,Free Agent,Free Agent,"$3,000,000"
Dariq Whitehead,BRK,"$2,966,040","$3,114,240","$3,262,560","$5,366,912",Free Agent,Free Agent,"$6,080,280"
Christian Braun,DEN,"$2,949,120","$3,089,640","$4,921,797",Free Agent,Free Agent,Free Agent,"$6,038,760"
Jalen Johnson,ATL,"$2,925,360","$4,510,905",Free Agent,Free Agent,Free Agent,Free Agent,"$7,436,265"
Josh Richardson,MIA,"$2,891,467","$3,051,153",Free Agent,Free Agent,Free Agent,Free Agent,"$2,891,467"
Kris Murray,POR,"$2,847,480","$2,990,040","$3,132,000","$5,315,004",Free Agent,Free Agent,"$5,837,520"
Andrew Nicholson,POR,"$2,844,430",Free Agent,Free Agent,Free Agent,Free Agent,Free Agent,"$2,844,430"
Walker Kessler,UTA,"$2,831,160","$2,965,920","$4,878,938",Free Agent,Free Agent,Free Agent,"$5,797,080"
Josh Okogie,PHO,"$2,815,937","$2,956,734",Free Agent,Free Agent,Free Agent,Free Agent,"$2,815,937"
Keon Johnson,PHO,"$2,808,720",Free Agent,Free Agent,Free Agent,Free Agent,Free Agent,"$2,808,720"
Omer Yurtseven,UTA,"$2,800,000","$2,660,000",Free Agent,Free Agent,Free Agent,Free Agent,"$5,460,000"
Dewayne Dedmon,DET,"$2,748,674","$2,748,674",Free Agent,Free Agent,Free Agent,Free Agent,"$5,497,348"
Olivier-Maxence Prosper,DAL,"$2,733,720","$2,870,400","$3,007,080","$5,259,383",Free Agent,Free Agent,"$5,604,120"
David Roddy,MEM,"$2,718,240","$2,847,240","$4,831,766",Free Agent,Free Agent,Free Agent,"$5,565,480"
Christian Wood,LAL,"$2,709,849","$3,036,040",Free Agent,Free Agent,Free Agent,Free Agent,"$2,709,849"
Isaiah Jackson,IND,"$2,696,280","$4,435,381",Free Agent,Free Agent,Free Agent,Free Agent,"$7,131,661"
Marcus Sasser,DET,"$2,624,040","$2,755,080","$2,886,720","$5,198,983",Free Agent,Free Agent,"$5,379,120"
MarJon Beauchamp,MIL,"$2,609,400","$2,733,720","$4,781,276",Free Agent,Free Agent,Free Agent,"$5,343,120"
Charles Bassey,SAS,"$2,600,000","$2,500,000","$2,500,000",Free Agent,Free Agent,Free Agent,"$2,600,000"
Usman Garuba,OKC,"$2,588,400",Free Agent,Free Agent,Free Agent,Free Agent,Free Agent,"$2,588,400"
Damian Jones,CLE,"$2,586,665",Free Agent,Free Agent,Free Agent,Free Agent,Free Agent,"$2,586,665"
Kris Dunn,UTA,"$2,586,665",Free Agent,Free Agent,Free Agent,Free Agent,Free Agent,Free Agent
Bruno Fernando,ATL,"$2,581,522","$2,717,391","$2,853,260",Free Agent,Free Agent,Free Agent,Free Agent
Ben Sheppard,IND,"$2,537,160","$2,663,880","$2,790,720","$5,031,669",Free Agent,Free Agent,"$5,201,040"
Thomas Bryant,MIA,"$2,528,233","$2,845,342",Free Agent,Free Agent,Free Agent,Free Agent,"$5,373,575"
Torrey Craig,CHI,"$2,528,233","$2,845,342",Free Agent,Free Agent,Free Agent,Free Agent,"$5,373,575"
Damion Lee,PHO,"$2,528,233","$2,845,342",Free Agent,Free Agent,Free Agent,Free Agent,"$2,528,233"
Blake Wesley,SAS,"$2,504,640","$2,624,280","$4,726,328",Free Agent,Free Agent,Free Agent,"$5,128,920"
Josh Christopher,MEM,"$2,485,200",Free Agent,Free Agent,Free Agent,Free Agent,Free Agent,"$2,485,200"
Nick Smith Jr.,CHO,"$2,463,960","$2,587,200","$2,710,680","$4,890,067",Free Agent,Free Agent,"$5,051,160"
Brice Sensabaugh,UTA,"$2,448,600","$2,571,480","$2,693,760","$4,862,237",Free Agent,Free Agent,"$5,020,080"
Ty Jerome,CLE,"$2,439,025","$2,560,975",Free Agent,Free Agent,Free Agent,Free Agent,"$5,000,000"
Julian Strawther,DEN,"$2,431,080","$2,552,520","$2,674,200","$4,826,931",Free Agent,Free Agent,"$4,983,600"
Wendell Moore Jr.,MIN,"$2,421,720","$2,537,040","$4,574,283",Free Agent,Free Agent,Free Agent,"$4,958,760"
Kobe Brown,LAC,"$2,413,320","$2,533,920","$2,654,880","$4,792,059",Free Agent,Free Agent,"$4,947,240"
Luke Kornet,BOS,"$2,413,304",Free Agent,Free Agent,Free Agent,Free Agent,Free Agent,Free Agent
John Konchar,MEM,"$2,400,000","$6,165,000","$6,165,000","$6,165,000",Free Agent,Free Agent,"$20,895,000"
Quentin Grimes,NYK,"$2,385,720","$4,296,682",Free Agent,Free Agent,Free Agent,Free Agent,"$6,682,402"
Nikola Jović,MIA,"$2,352,000","$2,464,200","$4,445,417",Free Agent,Free Agent,Free Agent,"$4,816,200"
JaVale McGee,DAL,"$4,368,030","$2,208,856","$2,208,856","$2,208,856","$2,208,856",Free Agent,"$11,183,748"
Drew Eubanks,PHO,"$2,346,614","$2,654,644",Free Agent,Free Agent,Free Agent,Free Agent,"$5,001,258"
Keita Bates-Diop,PHO,"$2,346,614","$2,654,644",Free Agent,Free Agent,Free Agent,Free Agent,"$5,001,258"
Yuta Watanabe,PHO,"$2,346,614","$2,654,644",Free Agent,Free Agent,Free Agent,Free Agent,"$2,346,614"
Patrick Baldwin Jr.,WAS,"$2,337,720","$2,448,840","$4,420,156",Free Agent,Free Agent,Free Agent,"$4,786,560"
TyTy Washington Jr.,OKC,"$2,320,440",Free Agent,Free Agent,Free Agent,Free Agent,Free Agent,"$2,320,440"
Jordan McLaughlin,MIN,"$2,320,000",Free Agent,Free Agent,Free Agent,Free Agent,Free Agent,Free Agent
Bones Hyland,LAC,"$2,306,400","$4,158,439",Free Agent,Free Agent,Free Agent,Free Agent,"$6,464,839"
Peyton Watson,DEN,"$2,303,520","$2,413,560","$4,356,476",Free Agent,Free Agent,Free Agent,"$4,717,080"
Cam Thomas,BRK,"$2,240,160","$4,041,249",Free Agent,Free Agent,Free Agent,Free Agent,"$2,240,160"
Vlatko Čančar,DEN,"$2,234,359","$2,346,606",Free Agent,Free Agent,Free Agent,Free Agent,"$2,234,359"
Jaden Springer,PHI,"$2,226,240","$4,018,363",Free Agent,Free Agent,Free Agent,Free Agent,"$6,244,603"
Day'Ron Sharpe,BRK,"$2,210,040","$3,989,122",Free Agent,Free Agent,Free Agent,Free Agent,"$2,210,040"
Santi Aldama,MEM,"$2,194,200","$3,960,531",Free Agent,Free Agent,Free Agent,Free Agent,"$6,154,731"
Jaxson Hayes,LAL,"$2,165,000","$2,463,946",Free Agent,Free Agent,Free Agent,Free Agent,"$2,165,000"
Cam Reddish,LAL,"$2,165,000","$2,463,946",Free Agent,Free Agent,Free Agent,Free Agent,"$2,165,000"
Oshae Brissett,BOS,"$2,165,000","$2,463,946",Free Agent,Free Agent,Free Agent,Free Agent,"$2,165,000"
Andrew Nembhard,IND,"$2,131,905","$2,019,699","$2,187,451",Free Agent,Free Agent,Free Agent,"$4,151,604"
Goga Bitadze,ORL,"$2,066,585",Free Agent,Free Agent,Free Agent,Free Agent,Free Agent,"$2,066,585"
Luka Šamanić,UTA,"$2,066,585",Free Agent,Free Agent,Free Agent,Free Agent,Free Agent,Free Agent
DaQuan Jeffries,NYK,"$2,066,585",Free Agent,Free Agent,Free Agent,Free Agent,Free Agent,Free Agent
Colby Jones,SAC,"$2,019,706","$2,120,693","$2,221,677","$2,406,205",Free Agent,Free Agent,"$4,140,399"
Taj Gibson,WAS,"$2,019,706",Free Agent,Free Agent,Free Agent,Free Agent,Free Agent,"$2,019,706"
Garrett Temple,TOR,"$2,019,706",Free Agent,Free Agent,Free Agent,Free Agent,Free Agent,"$2,019,706"
Sandro Mamukelashvili,SAS,"$2,019,706",Free Agent,Free Agent,Free Agent,Free Agent,Free Agent,"$2,019,706"
Alex Len,SAC,"$2,019,706",Free Agent,Free Agent,Free Agent,Free Agent,Free Agent,"$2,019,706"
Bol Bol,PHO,"$2,019,706",Free Agent,Free Agent,Free Agent,Free Agent,Free Agent,"$2,019,706"
Chimezie Metu,PHO,"$2,019,706",Free Agent,Free Agent,Free Agent,Free Agent,Free Agent,"$2,019,706"
Montrezl Harrell,PHI,"$2,019,706",Free Agent,Free Agent,Free Agent,Free Agent,Free Agent,"$2,019,706"
Kelly Oubre Jr.,PHI,"$2,019,706",Free Agent,Free Agent,Free Agent,Free Agent,Free Agent,"$2,019,706"
Patrick Beverley,PHI,"$2,019,706",Free Agent,Free Agent,Free Agent,Free Agent,Free Agent,"$2,019,706"
Mo Bamba,PHI,"$2,019,706",Free Agent,Free Agent,Free Agent,Free Agent,Free Agent,"$2,019,706"
Trevelin Queen,ORL,"$2,019,706",Free Agent,Free Agent,Free Agent,Free Agent,Free Agent,"$2,019,706"
Ryan Arcidiacono,NYK,"$2,019,706",Free Agent,Free Agent,Free Agent,Free Agent,Free Agent,"$2,019,706"
Charlie Brown Jr.,NYK,"$2,019,706",Free Agent,Free Agent,Free Agent,Free Agent,Free Agent,"$2,019,706"
Cody Zeller,NOP,"$2,019,706",Free Agent,Free Agent,Free Agent,Free Agent,Free Agent,"$2,019,706"
Daishen Nix,MIN,"$2,019,706",Free Agent,Free Agent,Free Agent,Free Agent,Free Agent,"$2,019,706"
Marques Bolden,MIL,"$2,019,706",Free Agent,Free Agent,Free Agent,Free Agent,Free Agent,"$2,019,706"
Thanasis Antetokounmpo,MIL,"$2,019,706",Free Agent,Free Agent,Free Agent,Free Agent,Free Agent,"$2,019,706"
Jae Crowder,MIL,"$2,019,706",Free Agent,Free Agent,Free Agent,Free Agent,Free Agent,"$2,019,706"
Malik Beasley,MIL,"$2,019,706",Free Agent,Free Agent,Free Agent,Free Agent,Free Agent,"$2,019,706"
Robin Lopez,MIL,"$2,019,706",Free Agent,Free Agent,Free Agent,Free Agent,Free Agent,"$2,019,706"
Nate Hinton,HOU,"$2,019,706",Free Agent,Free Agent,Free Agent,Free Agent,Free Agent,"$2,019,706"
Dario Šarić,GSW,"$2,019,706",Free Agent,Free Agent,Free Agent,Free Agent,Free Agent,"$2,019,706"
Cory Joseph,GSW,"$2,019,706",Free Agent,Free Agent,Free Agent,Free Agent,Free Agent,"$2,019,706"
DeAndre Jordan,DEN,"$2,019,706",Free Agent,Free Agent,Free Agent,Free Agent,Free Agent,"$2,019,706"
Justin Holiday,DEN,"$2,019,706",Free Agent,Free Agent,Free Agent,Free Agent,Free Agent,"$2,019,706"
Markieff Morris,DAL,"$2,019,706",Free Agent,Free Agent,Free Agent,Free Agent,Free Agent,"$2,019,706"
Greg Brown III,DAL,"$2,019,706",Free Agent,Free Agent,Free Agent,Free Agent,Free Agent,"$2,019,706"
Harry Giles,BRK,"$2,019,706",Free Agent,Free Agent,Free Agent,Free Agent,Free Agent,"$2,019,706"
Lonnie Walker IV,BRK,"$2,019,706",Free Agent,Free Agent,Free Agent,Free Agent,Free Agent,"$2,019,706"
Dennis Smith Jr.,BRK,"$2,019,706",Free Agent,Free Agent,Free Agent,Free Agent,Free Agent,"$2,019,706"
Lamar Stevens,BOS,"$2,419,706",Free Agent,Free Agent,Free Agent,Free Agent,Free Agent,"$2,019,706"
Wesley Matthews,ATL,"$2,019,706",Free Agent,Free Agent,Free Agent,Free Agent,Free Agent,"$2,019,706"
Boban Marjanović,HOU,"$2,019,706",Free Agent,Free Agent,Free Agent,Free Agent,Free Agent,Free Agent
Aaron Holiday,HOU,"$2,019,706",Free Agent,Free Agent,Free Agent,Free Agent,Free Agent,Free Agent
Tristan Thompson,CLE,"$2,019,706",Free Agent,Free Agent,Free Agent,Free Agent,Free Agent,Free Agent
Frank Ntilikina,CHO,"$2,019,706",Free Agent,Free Agent,Free Agent,Free Agent,Free Agent,Free Agent
Terry Taylor,CHI,"$2,019,706","$2,196,970",Free Agent,Free Agent,Free Agent,Free Agent,Free Agent
Trendon Watford,BRK,"$2,019,706",Free Agent,Free Agent,Free Agent,Free Agent,Free Agent,Free Agent
Svi Mykhailiuk,BOS,"$2,019,706",Free Agent,Free Agent,Free Agent,Free Agent,Free Agent,Free Agent
Dalano Banton,BOS,"$2,019,706","$2,196,970",Free Agent,Free Agent,Free Agent,Free Agent,Free Agent
Caleb Houstan,ORL,"$2,000,000","$2,019,699","$2,187,699",Free Agent,Free Agent,Free Agent,"$2,000,000"
Jaylin Williams,OKC,"$2,000,000","$2,019,699","$2,187,451",Free Agent,Free Agent,Free Agent,"$2,000,000"
Garrison Mathews,ATL,"$2,000,000","$2,230,253",Free Agent,Free Agent,Free Agent,Free Agent,Free Agent
Anthony Gill,WAS,"$1,997,238",Free Agent,Free Agent,Free Agent,Free Agent,Free Agent,"$1,997,238"
Isaiah Joe,OKC,"$1,997,238","$2,164,993",Free Agent,Free Agent,Free Agent,Free Agent,Free Agent
Sam Merrill,CLE,"$1,997,238","$2,164,993",Free Agent,Free Agent,Free Agent,Free Agent,Free Agent
KJ Martin,PHI,"$1,930,681",Free Agent,Free Agent,Free Agent,Free Agent,Free Agent,"$1,930,681"
Naji Marshall,NOP,"$1,930,681",Free Agent,Free Agent,Free Agent,Free Agent,Free Agent,"$1,930,681"
Xavier Tillman Sr.,MEM,"$1,930,681",Free Agent,Free Agent,Free Agent,Free Agent,Free Agent,"$1,930,681"
Sam Hauser,BOS,"$1,927,896","$2,092,344",Free Agent,Free Agent,Free Agent,Free Agent,"$4,020,240"
Kessler Edwards,SAC,"$1,927,896",Free Agent,Free Agent,Free Agent,Free Agent,Free Agent,"$1,927,896"
Ish Wainright,POR,"$1,927,896",Free Agent,Free Agent,Free Agent,Free Agent,Free Agent,"$1,927,896"
Jericho Sims,NYK,"$1,927,896","$2,092,344",Free Agent,Free Agent,Free Agent,Free Agent,"$600,000"
Jordan Goodwin,PHO,"$1,927,896","$2,092,344",Free Agent,Free Agent,Free Agent,Free Agent,Free Agent
Haywood Highsmith,MIA,"$1,902,137",Free Agent,Free Agent,Free Agent,Free Agent,Free Agent,Free Agent
A.J. Green,MIL,"$1,901,769","$2,120,693","$2,301,587",Free Agent,Free Agent,Free Agent,"$1,901,769"
Jeremiah Robinson-Earl,HOU,"$1,900,000",Free Agent,Free Agent,Free Agent,Free Agent,Free Agent,"$1,900,000"
Miles McBride,NYK,"$1,836,096",Free Agent,Free Agent,Free Agent,Free Agent,Free Agent,"$1,836,096"
Isaiah Todd,MEM,"$1,836,096",Free Agent,Free Agent,Free Agent,Free Agent,Free Agent,"$1,836,096"
Brandon Boston Jr.,LAC,"$1,836,096",Free Agent,Free Agent,Free Agent,Free Agent,Free Agent,"$1,836,096"
Isaiah Livers,DET,"$1,836,096",Free Agent,Free Agent,Free Agent,Free Agent,Free Agent,"$1,836,096"
Aaron Wiggins,OKC,"$1,836,096","$1,988,598",Free Agent,Free Agent,Free Agent,Free Agent,Free Agent
Jose Alvarado,NOP,"$1,836,096","$1,988,598",Free Agent,Free Agent,Free Agent,Free Agent,Free Agent
JT Thor,CHO,"$1,836,096","$1,988,598",Free Agent,Free Agent,Free Agent,Free Agent,Free Agent
E.J. Liddell,NOP,"$1,801,769","$2,120,693","$2,301,587",Free Agent,Free Agent,Free Agent,"$3,922,462"
Justin Minaya,POR,"$1,801,769",Free Agent,Free Agent,Free Agent,Free Agent,Free Agent,"$1,801,769"
Cole Swider,MIA,"$1,801,769",Free Agent,Free Agent,Free Agent,Free Agent,Free Agent,"$1,801,769"
Orlando Robinson,MIA,"$1,801,769","$2,120,693",Free Agent,Free Agent,Free Agent,Free Agent,"$1,801,769"
Stanley Umude,DET,"$1,801,769",Free Agent,Free Agent,Free Agent,Free Agent,Free Agent,"$1,801,769"
Leonard Miller,MIN,"$1,800,000","$1,891,857","$2,221,677","$2,406,205",Free Agent,Free Agent,"$3,691,857"
Kennedy Chandler,MEM,"$1,719,864","$2,019,699",Free Agent,Free Agent,Free Agent,Free Agent,"$3,739,563"
Jaden Hardy,DAL,"$1,719,864","$2,019,699",Free Agent,Free Agent,Free Agent,Free Agent,"$2,119,864"
Xavier Cooks,WAS,"$1,719,864",Free Agent,Free Agent,Free Agent,Free Agent,Free Agent,"$1,719,864"
Ryan Rollins,WAS,"$1,719,864","$2,019,699",Free Agent,Free Agent,Free Agent,Free Agent,"$1,719,864"
Christian Koloko,TOR,"$1,719,864","$2,019,699",Free Agent,Free Agent,Free Agent,Free Agent,"$1,719,864"
Josh Minott,MIN,"$1,719,864","$2,019,699","$2,187,451",Free Agent,Free Agent,Free Agent,"$1,719,864"
Kenneth Lofton Jr.,MEM,"$1,719,864","$2,019,699","$2,187,451",Free Agent,Free Agent,Free Agent,"$1,719,864"
Max Christie,LAL,"$1,719,864",Free Agent,Free Agent,Free Agent,Free Agent,Free Agent,"$1,719,864"
Bryce McGowens,CHO,"$1,719,864","$2,019,699","$2,187,451",Free Agent,Free Agent,Free Agent,"$1,719,864"
Jabari Walker,POR,"$1,719,864","$2,019,699",Free Agent,Free Agent,Free Agent,Free Agent,"$400,000"
Jalen Pickett,DEN,"$1,708,143","$1,891,857","$2,221,677","$2,406,205",Free Agent,Free Agent,"$5,821,677"
Julian Phillips,CHI,"$1,600,000","$1,891,857","$2,221,677","$2,406,205",Free Agent,Free Agent,"$5,713,534"
Eric Bledsoe,POR,"$1,300,000","$1,300,000",Free Agent,Free Agent,Free Agent,Free Agent,"$2,600,000"
Sidy Cissoko,SAS,"$1,119,563","$1,891,857","$2,221,677",Free Agent,Free Agent,Free Agent,"$5,233,097"
Hunter Tyson,DEN,"$1,119,563","$1,891,857","$2,221,677","$2,406,205",Free Agent,Free Agent,"$5,233,097"
Jordan Walsh,BOS,"$1,119,563","$1,891,857","$2,221,677","$2,406,205",Free Agent,Free Agent,"$3,211,420"
Rayan Rupert,POR,"$1,119,563","$1,891,857","$2,221,677",Free Agent,Free Agent,Free Agent,"$3,011,420"
Chris Livingston,MIL,"$1,119,563","$1,891,857","$2,221,677","$2,406,205",Free Agent,Free Agent,"$3,011,420"
Maxwell Lewis,LAL,"$1,119,563","$1,891,857","$2,221,677","$2,406,205",Free Agent,Free Agent,"$3,011,420"
Trayce Jackson-Davis,GSW,"$1,119,563","$1,891,857","$2,221,677","$2,406,205",Free Agent,Free Agent,"$3,011,420"
Mouhamed Gueye,ATL,"$1,119,563","$1,891,857","$2,221,677","$2,406,205",Free Agent,Free Agent,"$3,011,420"
Charles Bediako,SAS,"$1,119,563",Free Agent,Free Agent,Free Agent,Free Agent,Free Agent,"$1,119,563"
Toumani Camara,POR,"$1,119,563","$1,891,857","$2,221,677","$2,406,205",Free Agent,Free Agent,"$1,119,563"
Duop Reath,POR,"$1,119,563",Free Agent,Free Agent,Free Agent,Free Agent,Free Agent,"$1,119,563"
Jacob Toppin,NYK,"$1,119,563",Free Agent,Free Agent,Free Agent,Free Agent,Free Agent,"$1,119,563"
Andre Jackson Jr.,MIL,"$1,119,563","$1,891,857","$2,221,677","$2,406,205",Free Agent,Free Agent,"$1,119,563"
Dexter Dennis,DAL,"$1,119,563",Free Agent,Free Agent,Free Agent,Free Agent,Free Agent,"$1,119,563"
Nik Stauskas,IND,"$702,311","$702,310",Free Agent,Free Agent,Free Agent,Free Agent,"$1,404,621"
Jack White,OKC,"$600,000",Free Agent,Free Agent,Free Agent,Free Agent,Free Agent,"$600,000"
Juwan Morgan,IND,"$576,230","$576,229",Free Agent,Free Agent,Free Agent,Free Agent,"$1,152,459"
Filip Petrušev,SAC,"$559,782",Free Agent,Free Agent,Free Agent,Free Agent,Free Agent,"$559,782"
Malik Fitts,IND,"$555,217","$555,216",Free Agent,Free Agent,Free Agent,Free Agent,"$1,110,433"
Nerlens Noel,SAC,"$300,000",Free Agent,Free Agent,Free Agent,Free Agent,Free Agent,"$300,000"
Didi Louzada,POR,"$268,032","$268,032","$268,032","$268,032","$268,032","$268,032","$1,608,192"
Neemias Queta,SAC,"$250,000",Free Agent,Free Agent,Free Agent,Free Agent,Free Agent,"$250,000"
Danny Green,PHI,"$200,000",Free Agent,Free Agent,Free Agent,Free Agent,Free Agent,"$200,000"
Demetrius Jackson,BOS,"$92,857",Free Agent,Free Agent,Free Agent,Free Agent,Free Agent,"$92,857"
